work,workLabel,sitelinks
http://www.wikidata.org/entity/Q6015709,Eurovision Song Contest 2016,71
http://www.wikidata.org/entity/Q10162,Eurovision Song Contest 2013,66
http://www.wikidata.org/entity/Q217189,Det sjunde inseglet,64
http://www.wikidata.org/entity/Q239756,Smultronstället,59
http://www.wikidata.org/entity/Q40083273,A Minecraft Movie,52
http://www.wikidata.org/entity/Q327681,Dogville,51
http://www.wikidata.org/entity/Q474093,The Girl with the Dragon Tattoo,50
http://www.wikidata.org/entity/Q165651,Fanny och Alexander,50
http://www.wikidata.org/entity/Q58884,Melodifestivalen,50
http://www.wikidata.org/entity/Q110365,Dancer in the Dark,48
http://www.wikidata.org/entity/Q165699,Melancholia,46
http://www.wikidata.org/entity/Q211487,Eurovision Song Contest 1992,45
http://www.wikidata.org/entity/Q32303,Jakten,45
http://www.wikidata.org/entity/Q695255,Persona,44
http://www.wikidata.org/entity/Q753141,Jungfrukällan,43
http://www.wikidata.org/entity/Q830874,Viskningar och rop,43
http://www.wikidata.org/entity/Q281988,Offret,42
http://www.wikidata.org/entity/Q97304180,Triangle of Sadness,42
http://www.wikidata.org/entity/Q841274,The Woman in Black,40
http://www.wikidata.org/entity/Q69303989,En runda till,40
http://www.wikidata.org/entity/Q27237522,The Square,40
http://www.wikidata.org/entity/Q55907451,Midsommar,40
http://www.wikidata.org/entity/Q574998,Antichrist,39
http://www.wikidata.org/entity/Q130284179,Sentimental Value,38
http://www.wikidata.org/entity/Q322572,Höstsonaten,37
http://www.wikidata.org/entity/Q538412,Breaking the Waves,37
http://www.wikidata.org/entity/Q370707,Pelle erövraren,35
http://www.wikidata.org/entity/Q837070,Sommarnattens leende,35
http://www.wikidata.org/entity/Q587498,Såsom i en spegel,34
http://www.wikidata.org/entity/Q841958,Festen,34
http://www.wikidata.org/entity/Q56312570,Uncut Gems,33
http://www.wikidata.org/entity/Q111608782,A Man Called Otto,33
http://www.wikidata.org/entity/Q954182,Hämnden,32
http://www.wikidata.org/entity/Q918111,Vargtimmen,32
http://www.wikidata.org/entity/Q464651,Tystnaden,32
http://www.wikidata.org/entity/Q842067,Nattvardsgästerna,32
http://www.wikidata.org/entity/Q304394,Fucking Åmål,32
http://www.wikidata.org/entity/Q21935502,En man som heter Ove,32
http://www.wikidata.org/entity/Q1141731,Manderlay,31
http://www.wikidata.org/entity/Q287708,Searching for Sugar Man,31
http://www.wikidata.org/entity/Q1193655,Körkarlen,31
http://www.wikidata.org/entity/Q27920121,The House That Jack Built,31
http://www.wikidata.org/entity/Q901217,Scener ur ett äktenskap,30
http://www.wikidata.org/entity/Q228937,Min vän Balthazar,30
http://www.wikidata.org/entity/Q144756,Låt den rätte komma in,30
http://www.wikidata.org/entity/Q107300488,Young Royals,29
http://www.wikidata.org/entity/Q1211796,Bron,29
http://www.wikidata.org/entity/Q1825585,Diana,29
http://www.wikidata.org/entity/Q1078890,Ansiktet,29
http://www.wikidata.org/entity/Q1759619,Kon-Tiki,29
http://www.wikidata.org/entity/Q1142950,Lilja 4-ever,29
http://www.wikidata.org/entity/Q276343,Män som hatar kvinnor,29
http://www.wikidata.org/entity/Q316225,Stalingrad,29
http://www.wikidata.org/entity/Q2679094,Only God Forgives,28
http://www.wikidata.org/entity/Q589953,A Royal Affair,28
http://www.wikidata.org/entity/Q564802,Utvandrarna,28
http://www.wikidata.org/entity/Q1438966,Häxan,28
http://www.wikidata.org/entity/Q1331994,Riket,27
http://www.wikidata.org/entity/Q1327845,Efter bröllopet,27
http://www.wikidata.org/entity/Q917248,Sommaren med Monika,27
http://www.wikidata.org/entity/Q111600223,Holy Spider,27
http://www.wikidata.org/entity/Q2368378,Mio min Mio,26
http://www.wikidata.org/entity/Q1242222,Don's Plum,26
http://www.wikidata.org/entity/Q1416607,Luftslottet som sprängdes,26
http://www.wikidata.org/entity/Q1507766,Arn – Tempelriddaren,26
http://www.wikidata.org/entity/Q28318271,The Wife,26
http://www.wikidata.org/entity/Q1342900,Mitt liv som hund,25
http://www.wikidata.org/entity/Q666017,Europa,25
http://www.wikidata.org/entity/Q956446,Brottet,24
http://www.wikidata.org/entity/Q221354,Nära livet,24
http://www.wikidata.org/entity/Q775356,Idioterna,24
http://www.wikidata.org/entity/Q1382421,Ondskan,24
http://www.wikidata.org/entity/Q569281,Direktören för det hele,24
http://www.wikidata.org/entity/Q10527185,Hundraåringen som klev ut genom fönstret och försvann,24
http://www.wikidata.org/entity/Q10483256,En duva satt på en gren och funderade på tillvaron,24
http://www.wikidata.org/entity/Q63800585,And Then We Danced,24
http://www.wikidata.org/entity/Q53736577,Gräns,24
http://www.wikidata.org/entity/Q1415082,Interdevotjka,23
http://www.wikidata.org/entity/Q169322,Psalmer från köket,23
http://www.wikidata.org/entity/Q318827,Gycklarnas afton,23
http://www.wikidata.org/entity/Q195593,Maskulinum - femininum,23
http://www.wikidata.org/entity/Q388846,Ansikte mot ansikte,23
http://www.wikidata.org/entity/Q784465,Skammen,23
http://www.wikidata.org/entity/Q106371709,Lamm,23
http://www.wikidata.org/entity/Q112977212,Bastarden,23
http://www.wikidata.org/entity/Q1675604,Lust och fägring stor,22
http://www.wikidata.org/entity/Q1066211,Kris,22
http://www.wikidata.org/entity/Q912049,Så som i himmelen,22
http://www.wikidata.org/entity/Q1169861,Flickan från tändsticksfabriken,22
http://www.wikidata.org/entity/Q1165090,Flickan som lekte med elden,22
http://www.wikidata.org/entity/Q425669,Sommarlek,22
http://www.wikidata.org/entity/Q976061,Elvira Madigan,22
http://www.wikidata.org/entity/Q3019162,TPB AFK,22
http://www.wikidata.org/entity/Q643847,Fröken Smillas känsla för snö,22
http://www.wikidata.org/entity/Q643268,Italienska för nybörjare,22
http://www.wikidata.org/entity/Q1536123,Hon dansade en sommar,22
http://www.wikidata.org/entity/Q14371870,The Salvation,22
http://www.wikidata.org/entity/Q16159056,Kung Fury,21
http://www.wikidata.org/entity/Q677912,Ur marionetternas liv,21
http://www.wikidata.org/entity/Q941053,Pippi Långstrump,21
http://www.wikidata.org/entity/Q2301516,Sånger från andra våningen,21
http://www.wikidata.org/entity/Q763615,Into the White,21
http://www.wikidata.org/entity/Q428617,Djävulens öga,21
http://www.wikidata.org/entity/Q1471325,Fröken Julie,21
http://www.wikidata.org/entity/Q387727,Du levande,21
http://www.wikidata.org/entity/Q3219758,Pelle Svanslös,20
http://www.wikidata.org/entity/Q1309886,Abba – the Movie,20
http://www.wikidata.org/entity/Q1651543,Trollflöjten,20
http://www.wikidata.org/entity/Q1245864,Mifune,20
http://www.wikidata.org/entity/Q705893,Ormens ägg,20
http://www.wikidata.org/entity/Q265203,Kvinnodröm,20
http://www.wikidata.org/entity/Q196103,Bröllop i Italien,20
http://www.wikidata.org/entity/Q260365,En passion,20
http://www.wikidata.org/entity/Q19372190,Vågen,20
http://www.wikidata.org/entity/Q27590730,Borg,20
http://www.wikidata.org/entity/Q27536918,Sameblod,20
http://www.wikidata.org/entity/Q1217937,Den goda viljan,19
http://www.wikidata.org/entity/Q1141100,Saraband,19
http://www.wikidata.org/entity/Q3480269,Pelle Svanslös i Amerikatt,19
http://www.wikidata.org/entity/Q82070811,Kalifat,19
http://www.wikidata.org/entity/Q1321282,Svält,19
http://www.wikidata.org/entity/Q2299929,Submarino,19
http://www.wikidata.org/entity/Q2290980,Hets,19
http://www.wikidata.org/entity/Q1078811,Kvinnors väntan,19
http://www.wikidata.org/entity/Q463907,Till glädje,19
http://www.wikidata.org/entity/Q507285,Lumière et Compagnie,19
http://www.wikidata.org/entity/Q1559662,Gösta Berlings saga,19
http://www.wikidata.org/entity/Q259831,Det regnar på vår kärlek,19
http://www.wikidata.org/entity/Q10706553,Turist,19
http://www.wikidata.org/entity/Q23838435,Den lyckligaste dagen i Olli Mäkis liv,19
http://www.wikidata.org/entity/Q26884608,Kungens val,19
http://www.wikidata.org/entity/Q109387468,Sommar utan vår,19
http://www.wikidata.org/entity/Q7741216,Hypnotisören,18
http://www.wikidata.org/entity/Q682574,Flamman och Citronen,18
http://www.wikidata.org/entity/Q1341843,Universums änglar,18
http://www.wikidata.org/entity/Q1218226,Maria Larssons eviga ögonblick,18
http://www.wikidata.org/entity/Q1171481,Nybyggarna,18
http://www.wikidata.org/entity/Q735047,En kärlekshistoria,18
http://www.wikidata.org/entity/Q570125,I Hired a Contract Killer,18
http://www.wikidata.org/entity/Q2754899,Bohemernas liv,18
http://www.wikidata.org/entity/Q964843,"Patrik 1,5",18
http://www.wikidata.org/entity/Q1465323,Ronja Rövardotter,18
http://www.wikidata.org/entity/Q28532724,The Nile Hilton Incident,18
http://www.wikidata.org/entity/Q28047662,Tom of Finland,18
http://www.wikidata.org/entity/Q111262699,Svart krabba,18
http://www.wikidata.org/entity/Q125856483,Armand,18
http://www.wikidata.org/entity/Q131441164,The Testament of Ann Lee,18
http://www.wikidata.org/entity/Q2971575,Pippi Långstrump,17
http://www.wikidata.org/entity/Q2690883,Äkta människor,17
http://www.wikidata.org/entity/Q10427785,Bekas,17
http://www.wikidata.org/entity/Q2481529,Vingarne,17
http://www.wikidata.org/entity/Q761987,Skepp till Indialand,17
http://www.wikidata.org/entity/Q921612,Musik i mörker,17
http://www.wikidata.org/entity/Q592902,För att inte tala om alla dessa kvinnor,17
http://www.wikidata.org/entity/Q990857,Bröder,17
http://www.wikidata.org/entity/Q572931,Fängelse,17
http://www.wikidata.org/entity/Q230608,Tillsammans,17
http://www.wikidata.org/entity/Q1215150,Pippi Långstrump – starkast i världen,17
http://www.wikidata.org/entity/Q1188701,Törst,17
http://www.wikidata.org/entity/Q1091856,Sånt händer inte här,17
http://www.wikidata.org/entity/Q16635884,Fasanjägarna,17
http://www.wikidata.org/entity/Q59065557,Bergman Island,17
http://www.wikidata.org/entity/Q96628864,Tove,17
http://www.wikidata.org/entity/Q111600269,Boy from Heaven,17
http://www.wikidata.org/entity/Q118765520,The History of Sound,17
http://www.wikidata.org/entity/Q1187530,Riten,16
http://www.wikidata.org/entity/Q51572795,Störst av allt,16
http://www.wikidata.org/entity/Q2037296,Berg-Ejvind och hans hustru,16
http://www.wikidata.org/entity/Q1817757,Leningrad Cowboys Go America,16
http://www.wikidata.org/entity/Q1073856,Strings,16
http://www.wikidata.org/entity/Q164616,Snabba Cash,16
http://www.wikidata.org/entity/Q1108471,Hamnstad,16
http://www.wikidata.org/entity/Q1091180,En lektion i kärlek,16
http://www.wikidata.org/entity/Q31899662,Om det oändliga,16
http://www.wikidata.org/entity/Q98078619,Greta,16
http://www.wikidata.org/entity/Q10425783,Bamse och tjuvstaden,15
http://www.wikidata.org/entity/Q1755743,Kalle Stropp och Grodan Boll på svindlande äventyr,15
http://www.wikidata.org/entity/Q653789,Pippi Långstrump,15
http://www.wikidata.org/entity/Q106023381,Melodifestivalen 2022,15
http://www.wikidata.org/entity/Q55400971,Melodifestivalen 2019,15
http://www.wikidata.org/entity/Q20220065,Melodifestivalen 2016,15
http://www.wikidata.org/entity/Q2634776,Sound of Noise,15
http://www.wikidata.org/entity/Q1675241,Oxen,15
http://www.wikidata.org/entity/Q1659521,I rymden finns inga känslor,15
http://www.wikidata.org/entity/Q1758118,Kon-Tiki,15
http://www.wikidata.org/entity/Q1256208,Rare Exports: A Christmas Tale,15
http://www.wikidata.org/entity/Q1170128,Kvarteret Korpen,15
http://www.wikidata.org/entity/Q1633378,Ådalen 31,15
http://www.wikidata.org/entity/Q151730,Zozo,15
http://www.wikidata.org/entity/Q1195466,Mannen på taket,15
http://www.wikidata.org/entity/Q14551360,Vi är bäst!,15
http://www.wikidata.org/entity/Q56598902,Unga Astrid,15
http://www.wikidata.org/entity/Q114000704,Sick of Myself,15
http://www.wikidata.org/entity/Q2480093,Metropia,14
http://www.wikidata.org/entity/Q85782411,Kärlek & anarki,14
http://www.wikidata.org/entity/Q1757390,Kalle Stropp och Grodan Boll räddar Hönan,14
http://www.wikidata.org/entity/Q118559532,Melodifestivalen 2024,14
http://www.wikidata.org/entity/Q111255020,Melodifestivalen 2023,14
http://www.wikidata.org/entity/Q30753989,Melodifestivalen 2018,14
http://www.wikidata.org/entity/Q60971029,Melodifestivalen 2020,14
http://www.wikidata.org/entity/Q1983714,Polisstyrka X7,14
http://www.wikidata.org/entity/Q1768754,Aberdeen,14
http://www.wikidata.org/entity/Q1851033,Sofies värld,14
http://www.wikidata.org/entity/Q2054210,Jag är nyfiken – en film i gult,14
http://www.wikidata.org/entity/Q4069758,Arn – Riket vid vägens slut,14
http://www.wikidata.org/entity/Q890132,Kriget är slut,14
http://www.wikidata.org/entity/Q1755197,"Hawaii, Oslo",14
http://www.wikidata.org/entity/Q1740744,Thriller – en grym film,14
http://www.wikidata.org/entity/Q431948,Kopps,14
http://www.wikidata.org/entity/Q200607,Bröderna Lejonhjärta,14
http://www.wikidata.org/entity/Q532112,Ole dole doff,14
http://www.wikidata.org/entity/Q1217931,Den bästa av mödrar,14
http://www.wikidata.org/entity/Q1431878,Piratgrottans hemlighet,14
http://www.wikidata.org/entity/Q1103638,Blinkande lyktor,14
http://www.wikidata.org/entity/Q790282,Barbara,14
http://www.wikidata.org/entity/Q339204,Pippi Långstrump på de sju haven,14
http://www.wikidata.org/entity/Q15676054,Kvinnan i rummet,14
http://www.wikidata.org/entity/Q105043940,Pleasure,14
http://www.wikidata.org/entity/Q124336101,En liten bit av kakan,14
http://www.wikidata.org/entity/Q694762,Efter repetitionen,13
http://www.wikidata.org/entity/Q245951,Karlsson på taket,13
http://www.wikidata.org/entity/Q114357209,The Playlist,13
http://www.wikidata.org/entity/Q113841230,The Swarm,13
http://www.wikidata.org/entity/Q27230679,Midnattssol,13
http://www.wikidata.org/entity/Q19291313,Jordskott,13
http://www.wikidata.org/entity/Q1757014,Allsång på Skansen,13
http://www.wikidata.org/entity/Q671726,De tre vännerna och Jerry,13
http://www.wikidata.org/entity/Q87482203,Melodifestivalen 2021,13
http://www.wikidata.org/entity/Q26710151,Melodifestivalen 2017,13
http://www.wikidata.org/entity/Q10581329,Melodifestivalen 2014,13
http://www.wikidata.org/entity/Q2614695,Play,13
http://www.wikidata.org/entity/Q3213909,Ingmarssönerna,13
http://www.wikidata.org/entity/Q1759648,"Kalle Stropp, Grodan Boll och deras vänner",13
http://www.wikidata.org/entity/Q1636972,Ingenjör Andrées luftfärd,13
http://www.wikidata.org/entity/Q205687,Jag är Dina,13
http://www.wikidata.org/entity/Q1466601,Terje Vigen,13
http://www.wikidata.org/entity/Q18623843,Skämmerskans dotter,13
http://www.wikidata.org/entity/Q27049580,Euphoria,13
http://www.wikidata.org/entity/Q23895091,Flaskpost från P,13
http://www.wikidata.org/entity/Q135438510,Den siste vikingen,13
http://www.wikidata.org/entity/Q1852055,Steal This Film,12
http://www.wikidata.org/entity/Q547102,Edvard Munch,12
http://www.wikidata.org/entity/Q21685965,Modus,12
http://www.wikidata.org/entity/Q126688619,Melodifestivalen 2025,12
http://www.wikidata.org/entity/Q134074182,Melodifestivalen 2026,12
http://www.wikidata.org/entity/Q16853858,Melodifestivalen 2015,12
http://www.wikidata.org/entity/Q2706427,Melodifestivalen 2013,12
http://www.wikidata.org/entity/Q2706432,Melodifestivalen 2012,12
http://www.wikidata.org/entity/Q1329527,Elina – som om jag inte fanns,12
http://www.wikidata.org/entity/Q1326419,Den tredje makten,12
http://www.wikidata.org/entity/Q3212086,Prästänkan,12
http://www.wikidata.org/entity/Q2440163,Vill jag vissla så visslar jag,12
http://www.wikidata.org/entity/Q3231865,Varelserna,12
http://www.wikidata.org/entity/Q3481120,Den röda kappan,12
http://www.wikidata.org/entity/Q5098148,Barnens ö,12
http://www.wikidata.org/entity/Q4351048,En sång för Martin,12
http://www.wikidata.org/entity/Q4902928,Pelle Svanslös och den stora skattjakten,12
http://www.wikidata.org/entity/Q1664445,De glömda själarnas ö,12
http://www.wikidata.org/entity/Q1767142,Frostbiten,12
http://www.wikidata.org/entity/Q1047872,Picassos äventyr,12
http://www.wikidata.org/entity/Q469708,It's All About Love,12
http://www.wikidata.org/entity/Q1169261,Under solen,12
http://www.wikidata.org/entity/Q1141481,Trolösa,12
http://www.wikidata.org/entity/Q218496,De ofrivilliga,12
http://www.wikidata.org/entity/Q2735941,Videocracy,12
http://www.wikidata.org/entity/Q974427,Beröringen,12
http://www.wikidata.org/entity/Q3013549,Tösen från Stormyrtorpet,12
http://www.wikidata.org/entity/Q401539,Svinalängorna,12
http://www.wikidata.org/entity/Q1115105,Hamilton,12
http://www.wikidata.org/entity/Q1193515,Korpen flyger,12
http://www.wikidata.org/entity/Q653375,Käre John,12
http://www.wikidata.org/entity/Q87240826,Drottning Margareta,12
http://www.wikidata.org/entity/Q4132634,Morden i Sandhamn,11
http://www.wikidata.org/entity/Q323960,Emil i Lönneberga,11
http://www.wikidata.org/entity/Q1984125,Häxan,11
http://www.wikidata.org/entity/Q1768770,Hamsun,11
http://www.wikidata.org/entity/Q2156784,Herr Arnes pengar,11
http://www.wikidata.org/entity/Q3070570,Dödskyssen,11
http://www.wikidata.org/entity/Q8027984,Kyss mig,11
http://www.wikidata.org/entity/Q4895556,Therèse,11
http://www.wikidata.org/entity/Q3993888,Hem till jul,11
http://www.wikidata.org/entity/Q759230,Mammut,11
http://www.wikidata.org/entity/Q1354974,Syskonbädd 1782,11
http://www.wikidata.org/entity/Q1247293,"Tsatsiki, morsan och polisen",11
http://www.wikidata.org/entity/Q609479,Joe Hill,11
http://www.wikidata.org/entity/Q374373,Arvet,11
http://www.wikidata.org/entity/Q230545,Masjävlar,11
http://www.wikidata.org/entity/Q392684,Hamilton – I nationens intresse,11
http://www.wikidata.org/entity/Q1429353,På rymmen med Pippi Långstrump,11
http://www.wikidata.org/entity/Q1557128,"God afton, Herr Wallenberg",11
http://www.wikidata.org/entity/Q62513,Kautokeinoupproret,11
http://www.wikidata.org/entity/Q340058,Jalla! Jalla!,11
http://www.wikidata.org/entity/Q300442,Ett hål i mitt hjärta,11
http://www.wikidata.org/entity/Q18331,Att angöra en brygga,11
http://www.wikidata.org/entity/Q10536745,Iris och löjtnantshjärta,11
http://www.wikidata.org/entity/Q10697895,Till det som är vackert,11
http://www.wikidata.org/entity/Q31457048,Holiday,11
http://www.wikidata.org/entity/Q123944616,Passage,11
http://www.wikidata.org/entity/Q107112059,De oskyldiga,11
http://www.wikidata.org/entity/Q2576616,Ođđasat,11
http://www.wikidata.org/entity/Q964089,Parade,10
http://www.wikidata.org/entity/Q6858088,Torka aldrig tårar utan handskar,10
http://www.wikidata.org/entity/Q10429157,Resan till Fjäderkungens rike,10
http://www.wikidata.org/entity/Q3190021,Djungeldjuret Hugo – den stora filmhjälten,10
http://www.wikidata.org/entity/Q23683551,Springfloden,10
http://www.wikidata.org/entity/Q10496006,Fjällbackamorden,10
http://www.wikidata.org/entity/Q2272777,Melodifestivalen 2011,10
http://www.wikidata.org/entity/Q256273,Melodifestivalen 2009,10
http://www.wikidata.org/entity/Q4993181,Jerusalem,10
http://www.wikidata.org/entity/Q2394751,Gitmo – Krigets nya spelregler,10
http://www.wikidata.org/entity/Q3061212,Eva,10
http://www.wikidata.org/entity/Q4979898,Halvblod,10
http://www.wikidata.org/entity/Q4660699,En kvinnas ansikte,10
http://www.wikidata.org/entity/Q5306169,Miraklet,10
http://www.wikidata.org/entity/Q1761917,Karin Ingmarsdotter,10
http://www.wikidata.org/entity/Q1760143,Bröderna Mozart,10
http://www.wikidata.org/entity/Q4328822,Om Sara,10
http://www.wikidata.org/entity/Q4638734,491,10
http://www.wikidata.org/entity/Q5736773,Här har du ditt liv,10
http://www.wikidata.org/entity/Q751821,Livvakterna,10
http://www.wikidata.org/entity/Q1029748,Armadillo,10
http://www.wikidata.org/entity/Q1242727,Världens bästa Karlsson,10
http://www.wikidata.org/entity/Q897357,Hip hip hora!,10
http://www.wikidata.org/entity/Q1164493,Storm,10
http://www.wikidata.org/entity/Q222633,Stimulantia,10
http://www.wikidata.org/entity/Q20899449,Pojkarna,10
http://www.wikidata.org/entity/Q19787902,Efterskalv,10
http://www.wikidata.org/entity/Q21512824,The Girl King,10
http://www.wikidata.org/entity/Q12326643,Människor möts och ljuv musik uppstår i hjärtat,10
http://www.wikidata.org/entity/Q13406787,Emil och griseknoen,10
http://www.wikidata.org/entity/Q66022727,Valhalla,10
http://www.wikidata.org/entity/Q27996429,Aniara,10
http://www.wikidata.org/entity/Q11854200,Betongnatt,10
http://www.wikidata.org/entity/Q84471400,Breaking Surface,10
http://www.wikidata.org/entity/Q114843198,Hanteringen av odöda,10
http://www.wikidata.org/entity/Q116203455,Slow,10
http://www.wikidata.org/entity/Q131750758,The Love That Remains,10
http://www.wikidata.org/entity/Q7389898,Judaspengar,9
http://www.wikidata.org/entity/Q7389004,Havsgamar,9
http://www.wikidata.org/entity/Q2703659,Karins ansikte,9
http://www.wikidata.org/entity/Q7435226,Trädgårdsmästaren,9
http://www.wikidata.org/entity/Q4659307,Ett hemligt giftermål eller Bekännelsen på dödsbädden,9
http://www.wikidata.org/entity/Q1079728,De två saliga,9
http://www.wikidata.org/entity/Q27941646,Bamse och häxans dotter,9
http://www.wikidata.org/entity/Q1758203,Resan till Melonia,9
http://www.wikidata.org/entity/Q4676726,Pelle Svanslös,9
http://www.wikidata.org/entity/Q98928738,Young Wallander,9
http://www.wikidata.org/entity/Q16939437,Martin Beck,9
http://www.wikidata.org/entity/Q15633730,Welcome to Sweden,9
http://www.wikidata.org/entity/Q137652478,Fjord (film),9
http://www.wikidata.org/entity/Q11691983,Melodifestivalen 2010,9
http://www.wikidata.org/entity/Q7718617,Gunnar Hedes saga,9
http://www.wikidata.org/entity/Q7435072,Prästen,9
http://www.wikidata.org/entity/Q7435149,Livets konflikter,9
http://www.wikidata.org/entity/Q7389457,Hans nåds testamente,9
http://www.wikidata.org/entity/Q7751973,Klostret i Sendomir,9
http://www.wikidata.org/entity/Q5100994,Älskarinnan,9
http://www.wikidata.org/entity/Q3286044,Mannen som slutade röka,9
http://www.wikidata.org/entity/Q1767472,Änglagård,9
http://www.wikidata.org/entity/Q4992391,Balladen om Marie Krøyer,9
http://www.wikidata.org/entity/Q4765488,Anita – ur en tonårsflickas dagbok,9
http://www.wikidata.org/entity/Q4973909,Den enfaldige mördaren,9
http://www.wikidata.org/entity/Q4700549,Åke och hans värld,9
http://www.wikidata.org/entity/Q4993673,Äppelkriget,9
http://www.wikidata.org/entity/Q5975957,Jag är nyfiken – en film i blått,9
http://www.wikidata.org/entity/Q2082786,Hela vägen,9
http://www.wikidata.org/entity/Q5235995,Alla vi barn i Bullerbyn,9
http://www.wikidata.org/entity/Q2276637,Kvinna utan ansikte,9
http://www.wikidata.org/entity/Q4395391,Kådisbellan,9
http://www.wikidata.org/entity/Q1758308,Ingeborg Holm,9
http://www.wikidata.org/entity/Q1170819,Hannah med H,9
http://www.wikidata.org/entity/Q1630226,Dråpet,9
http://www.wikidata.org/entity/Q1407094,Hip hip hurra!,9
http://www.wikidata.org/entity/Q3837946,Flicka och hyacinter,9
http://www.wikidata.org/entity/Q327775,Nya hyss av Emil i Lönneberga,9
http://www.wikidata.org/entity/Q2948124,Püha Tõnu kiusamine,9
http://www.wikidata.org/entity/Q557990,Emil i Lönneberga,9
http://www.wikidata.org/entity/Q1195494,Mannen från Mallorca,9
http://www.wikidata.org/entity/Q800019,Strandvaskaren,9
http://www.wikidata.org/entity/Q10594905,Nattlek,9
http://www.wikidata.org/entity/Q15713954,Nånting måste gå sönder,9
http://www.wikidata.org/entity/Q20001979,Jag är Ingrid,9
http://www.wikidata.org/entity/Q48671726,Toppen av ingenting,9
http://www.wikidata.org/entity/Q28059207,Hundraettåringen som smet från notan och försvann,9
http://www.wikidata.org/entity/Q61642185,Koko-di koko-da,9
http://www.wikidata.org/entity/Q55749061,"Ser du månen, Daniel",9
http://www.wikidata.org/entity/Q49102385,Den blomstertid nu kommer,9
http://www.wikidata.org/entity/Q105094193,Världens vackraste pojke,9
http://www.wikidata.org/entity/Q125499005,Julies tystnad,9
http://www.wikidata.org/entity/Q120186741,Hypnosen,9
http://www.wikidata.org/entity/Q131782650,Eagles of the Republic,9
http://www.wikidata.org/entity/Q3359114,Robinson,9
http://www.wikidata.org/entity/Q6498209,Löjen och tårar,8
http://www.wikidata.org/entity/Q6470411,Lady Marions sommarflirt,8
http://www.wikidata.org/entity/Q638848,Larmar och gör sig till,8
http://www.wikidata.org/entity/Q3055315,Enskilda samtal,8
http://www.wikidata.org/entity/Q15140309,Emil & Ida i Lönneberga,8
http://www.wikidata.org/entity/Q2637845,Millennium,8
http://www.wikidata.org/entity/Q3076668,Snapphanar,8
http://www.wikidata.org/entity/Q113638147,Ronja Rövardotter,8
http://www.wikidata.org/entity/Q29384710,Bonusfamiljen,8
http://www.wikidata.org/entity/Q28154022,Vår tid är nu,8
http://www.wikidata.org/entity/Q18619811,Blå ögon,8
http://www.wikidata.org/entity/Q3702743,Anno 1790,8
http://www.wikidata.org/entity/Q3357491,Solsidan,8
http://www.wikidata.org/entity/Q20439940,Stadens Hjältar,8
http://www.wikidata.org/entity/Q2505165,Melodifestivalen 2008,8
http://www.wikidata.org/entity/Q10438507,Bänken,8
http://www.wikidata.org/entity/Q3639497,Den pornografiska jungfrun,8
http://www.wikidata.org/entity/Q10397150,1939,8
http://www.wikidata.org/entity/Q2568952,När alla vet,8
http://www.wikidata.org/entity/Q1319856,Klättertjuven,8
http://www.wikidata.org/entity/Q10263747,Daisy Diamond,8
http://www.wikidata.org/entity/Q7475995,Blodets röst,8
http://www.wikidata.org/entity/Q5616350,Sonad skuld,8
http://www.wikidata.org/entity/Q8866040,Före stormen,8
http://www.wikidata.org/entity/Q3544052,Mer om oss barn i Bullerbyn,8
http://www.wikidata.org/entity/Q5098574,Gatans barn,8
http://www.wikidata.org/entity/Q5431909,Farväl Falkenberg,8
http://www.wikidata.org/entity/Q3499597,Snabba cash II,8
http://www.wikidata.org/entity/Q3160679,Jakten,8
http://www.wikidata.org/entity/Q7282882,Raggare!,8
http://www.wikidata.org/entity/Q3153203,Intermezzo,8
http://www.wikidata.org/entity/Q1306792,En liten julsaga,8
http://www.wikidata.org/entity/Q6438945,Kronjuvelerna,8
http://www.wikidata.org/entity/Q4858087,Barabbas,8
http://www.wikidata.org/entity/Q5310123,"Du är inte klok, Madicken",8
http://www.wikidata.org/entity/Q4658858,Alldeles i närheten,8
http://www.wikidata.org/entity/Q4994653,Elvira Madigan,8
http://www.wikidata.org/entity/Q4993546,Kvinnan som drömde om en man,8
http://www.wikidata.org/entity/Q2278814,Surplus,8
http://www.wikidata.org/entity/Q7775609,Kvinnorna på taket,8
http://www.wikidata.org/entity/Q2104319,Populärmusik från Vittula,8
http://www.wikidata.org/entity/Q4251571,Domaren,8
http://www.wikidata.org/entity/Q4233797,Isbjörnskungen,8
http://www.wikidata.org/entity/Q2064233,Dirty Diaries,8
http://www.wikidata.org/entity/Q7766164,Ratataa,8
http://www.wikidata.org/entity/Q2408071,Montenegro eller Pärlor och svin,8
http://www.wikidata.org/entity/Q2263452,Sebbe,8
http://www.wikidata.org/entity/Q1671807,Den osynlige,8
http://www.wikidata.org/entity/Q3966787,Den dödes skugga,8
http://www.wikidata.org/entity/Q4147895,Gränsen,8
http://www.wikidata.org/entity/Q1767018,Den vite vikingen,8
http://www.wikidata.org/entity/Q4656126,Fången 53,8
http://www.wikidata.org/entity/Q1760040,Drottningen och jag,8
http://www.wikidata.org/entity/Q1758049,Dom kallar oss mods,8
http://www.wikidata.org/entity/Q1757147,Dunderklumpen!,8
http://www.wikidata.org/entity/Q938003,Pippi Långstrump,8
http://www.wikidata.org/entity/Q1755533,Solstorm,8
http://www.wikidata.org/entity/Q897618,Förortsungar,8
http://www.wikidata.org/entity/Q848182,Jägarna,8
http://www.wikidata.org/entity/Q690428,Smala Sussie,8
http://www.wikidata.org/entity/Q2772060,En lyckoriddare,8
http://www.wikidata.org/entity/Q2758085,Tur & retur,8
http://www.wikidata.org/entity/Q401765,The Punk Syndrome,8
http://www.wikidata.org/entity/Q1456651,Tsatsiki – vänner för alltid,8
http://www.wikidata.org/entity/Q1199722,Papegojan,8
http://www.wikidata.org/entity/Q388920,En enda natt,8
http://www.wikidata.org/entity/Q806087,Bananas!*,8
http://www.wikidata.org/entity/Q10712156,Valborgsmässoafton,8
http://www.wikidata.org/entity/Q10683877,Sune i Grekland,8
http://www.wikidata.org/entity/Q15401854,Jönssonligan – Den perfekta stöten,8
http://www.wikidata.org/entity/Q15618007,Sune på bilsemester,8
http://www.wikidata.org/entity/Q10686490,Swedenhielms,8
http://www.wikidata.org/entity/Q10688400,Sången om den eldröda blomman,8
http://www.wikidata.org/entity/Q27062077,Lejonkvinnan,8
http://www.wikidata.org/entity/Q60738679,Ut och stjäla hästar,8
http://www.wikidata.org/entity/Q103997314,Sweat,8
http://www.wikidata.org/entity/Q85321396,Horizon Line,8
http://www.wikidata.org/entity/Q100699177,Andra sidan,8
http://www.wikidata.org/entity/Q101799929,Tigrar,8
http://www.wikidata.org/entity/Q114245238,Stormskärs Maja,8
http://www.wikidata.org/entity/Q116252230,Motståndaren,8
http://www.wikidata.org/entity/Q109239204,Clara Sola,8
http://www.wikidata.org/entity/Q117818579,Paradiset brinner,8
http://www.wikidata.org/entity/Q7389394,Hjärtan som mötas,7
http://www.wikidata.org/entity/Q6772836,Äktenskapsbyrån,7
http://www.wikidata.org/entity/Q6012325,I prövningens stund,7
http://www.wikidata.org/entity/Q5227929,Högfjällets dotter,7
http://www.wikidata.org/entity/Q4657113,Bra flicka reder sig själv,7
http://www.wikidata.org/entity/Q794344,Människor i stad,7
http://www.wikidata.org/entity/Q4994569,Konspiration 58,7
http://www.wikidata.org/entity/Q1761913,Könskriget,7
http://www.wikidata.org/entity/Q4373735,Nobels testamente,7
http://www.wikidata.org/entity/Q2755257,Bildmakarna,7
http://www.wikidata.org/entity/Q15056258,Hokus pokus Alfons Åberg,7
http://www.wikidata.org/entity/Q2814267,Samson & Sally,7
http://www.wikidata.org/entity/Q1762006,Mästerman,7
http://www.wikidata.org/entity/Q111902259,Clark,7
http://www.wikidata.org/entity/Q10590158,Mumindalen,7
http://www.wikidata.org/entity/Q3357839,LasseMajas detektivbyrå,7
http://www.wikidata.org/entity/Q130426564,Glaskupan,7
http://www.wikidata.org/entity/Q25338999,Tjockare än vatten,7
http://www.wikidata.org/entity/Q21994660,Gåsmamman,7
http://www.wikidata.org/entity/Q3219953,Baren,7
http://www.wikidata.org/entity/Q2008579,Kommissarie Winter,7
http://www.wikidata.org/entity/Q3505375,Skärgårdsdoktorn,7
http://www.wikidata.org/entity/Q2045501,Robin,7
http://www.wikidata.org/entity/Q4579330,Bingolotto,7
http://www.wikidata.org/entity/Q1656877,Idol,7
