artist,artistLabel,sitelinks
http://www.wikidata.org/entity/Q383541,Basshunter,221
http://www.wikidata.org/entity/Q505476,Avicii,88
http://www.wikidata.org/entity/Q173144,Agnetha Fältskog,82
http://www.wikidata.org/entity/Q153159,Q153159,78
http://www.wikidata.org/entity/Q483376,Loreen,76
http://www.wikidata.org/entity/Q372460,Måns Zelmerlöw,68
http://www.wikidata.org/entity/Q201908,Anni-Frid Lyngstad,67
http://www.wikidata.org/entity/Q4177928,Zara Larsson,65
http://www.wikidata.org/entity/Q52926,Oscar I,62
http://www.wikidata.org/entity/Q214582,Benny Andersson,62
http://www.wikidata.org/entity/Q179682,Björn Ulvaeus,61
http://www.wikidata.org/entity/Q231345,Jenny Lind,61
http://www.wikidata.org/entity/Q180836,Charlotte Perrelli,59
http://www.wikidata.org/entity/Q2420983,Sanna Nielsen,59
http://www.wikidata.org/entity/Q232059,Ann-Margret,57
http://www.wikidata.org/entity/Q229669,Malin Åkerman,56
http://www.wikidata.org/entity/Q183008,Elena Paparizou,55
http://www.wikidata.org/entity/Q236748,Arash,55
http://www.wikidata.org/entity/Q233951,Birgit Nilsson,54
http://www.wikidata.org/entity/Q127423,Victoria Silvstedt,54
http://www.wikidata.org/entity/Q486059,Anette Olzon,50
http://www.wikidata.org/entity/Q184841,Marie Fredriksson,49
http://www.wikidata.org/entity/Q57312,Peter Weiss,49
http://www.wikidata.org/entity/Q192260,Yngwie Malmsteen,48
http://www.wikidata.org/entity/Q29388200,Lil Peep,47
http://www.wikidata.org/entity/Q212524,Carola Häggkvist,47
http://www.wikidata.org/entity/Q2750368,Maher Zain,46
http://www.wikidata.org/entity/Q15948790,Tove Lo,45
http://www.wikidata.org/entity/Q187210,Malena Ernman,45
http://www.wikidata.org/entity/Q12007,Eric Saade,45
http://www.wikidata.org/entity/Q215310,Anna Bergendahl,45
http://www.wikidata.org/entity/Q230055,Izabella Scorupco,45
http://www.wikidata.org/entity/Q569408,Meshuggah,43
http://www.wikidata.org/entity/Q229445,Robyn,43
http://www.wikidata.org/entity/Q323470,RedOne,42
http://www.wikidata.org/entity/Q295148,Peter Stormare,42
http://www.wikidata.org/entity/Q272258,Jill Johnson,41
http://www.wikidata.org/entity/Q235820,Kikki Danielsson,41
http://www.wikidata.org/entity/Q235440,Lotta Engberg,41
http://www.wikidata.org/entity/Q155141,Eric Prydz,40
http://www.wikidata.org/entity/Q312498,Carl Michael Bellman,40
http://www.wikidata.org/entity/Q316381,Carl Jonas Love Almqvist,40
http://www.wikidata.org/entity/Q46479,Zarah Leander,40
http://www.wikidata.org/entity/Q270724,Lykke Li,39
http://www.wikidata.org/entity/Q1358202,Ludwig Göransson,39
http://www.wikidata.org/entity/Q558166,Johannes Aavik,39
http://www.wikidata.org/entity/Q217044,Franz Berwald,37
http://www.wikidata.org/entity/Q5570357,Robin Bengtsson,37
http://www.wikidata.org/entity/Q6190659,Robin Stjernberg,37
http://www.wikidata.org/entity/Q257615,Soilwork,36
http://www.wikidata.org/entity/Q212649,Darin,36
http://www.wikidata.org/entity/Q233342,Neneh Cherry,36
http://www.wikidata.org/entity/Q235825,Lena Philipsson,35
http://www.wikidata.org/entity/Q318223,Max Martin,35
http://www.wikidata.org/entity/Q312801,Per Gessle,35
http://www.wikidata.org/entity/Q346993,Joe Hill,35
http://www.wikidata.org/entity/Q713514,Björn Andrésen,35
http://www.wikidata.org/entity/Q39069621,Mabel,35
http://www.wikidata.org/entity/Q231880,Nina Persson,34
http://www.wikidata.org/entity/Q18244130,John Lundvik,34
http://www.wikidata.org/entity/Q229821,Agnes Carlsson,34
http://www.wikidata.org/entity/Q504434,Dead,34
http://www.wikidata.org/entity/Q526915,Prinsessan Eugénie av Sverige och Norge,33
http://www.wikidata.org/entity/Q4889354,Benjamin Ingrosso,33
http://www.wikidata.org/entity/Q132154,Amy Deasismont,33
http://www.wikidata.org/entity/Q256809,Alice Babs,33
http://www.wikidata.org/entity/Q20715,Steve Angello,32
http://www.wikidata.org/entity/Q318840,Hugo Alfvén,32
http://www.wikidata.org/entity/Q15281410,Yung Lean,32
http://www.wikidata.org/entity/Q2757867,Laleh Pourkarim,32
http://www.wikidata.org/entity/Q807482,Barbara Hendricks,32
http://www.wikidata.org/entity/Q234394,Åse Kleveland,31
http://www.wikidata.org/entity/Q4976676,Cornelia Jakobs,31
http://www.wikidata.org/entity/Q965455,Alesso,31
http://www.wikidata.org/entity/Q19003336,Victor Crone,31
http://www.wikidata.org/entity/Q20713,Axwell,30
http://www.wikidata.org/entity/Q761119,Tiamat,30
http://www.wikidata.org/entity/Q260570,Karin Dreijer,30
http://www.wikidata.org/entity/Q230066,Petra Marklund,30
http://www.wikidata.org/entity/Q346396,Joey Tempest,30
http://www.wikidata.org/entity/Q380937,Erik Gustaf Geijer,30
http://www.wikidata.org/entity/Q56157,Jussi Björling,30
http://www.wikidata.org/entity/Q455370,Jonas Åkerlund,30
http://www.wikidata.org/entity/Q235108,Inger Nilsson,30
http://www.wikidata.org/entity/Q324920,Danny Saucedo,30
http://www.wikidata.org/entity/Q515273,Katatonia,29
http://www.wikidata.org/entity/Q20717,Sebastian Ingrosso,29
http://www.wikidata.org/entity/Q234106,Emilia Mitiku,29
http://www.wikidata.org/entity/Q438109,Dan Andersson,29
http://www.wikidata.org/entity/Q453272,Joseph Martin Kraus,29
http://www.wikidata.org/entity/Q234973,Anne Sofie von Otter,29
http://www.wikidata.org/entity/Q76466985,Toussaint Chiza,29
http://www.wikidata.org/entity/Q2274923,Frans Jeppsson Wall,28
http://www.wikidata.org/entity/Q346439,E-Type,28
http://www.wikidata.org/entity/Q450285,Mikael Åkerfeldt,28
http://www.wikidata.org/entity/Q285351,Lill-Babs,28
http://www.wikidata.org/entity/Q465670,Günther,28
http://www.wikidata.org/entity/Q54836,Molly Sandén,27
http://www.wikidata.org/entity/Q342686,Stefan Olsdal,27
http://www.wikidata.org/entity/Q315107,José González,27
http://www.wikidata.org/entity/Q282094,Mikkey Dee,27
http://www.wikidata.org/entity/Q380318,Thomas Forsberg,27
http://www.wikidata.org/entity/Q268382,Cecilia av Sverige,27
http://www.wikidata.org/entity/Q269812,Kristina Nilsson,27
http://www.wikidata.org/entity/Q379117,Mohombi,27
http://www.wikidata.org/entity/Q285469,Siw Malmkvist,27
http://www.wikidata.org/entity/Q254527,Monica Zetterlund,27
http://www.wikidata.org/entity/Q317488,Anders Fridén,26
http://www.wikidata.org/entity/Q286501,Shellback,26
http://www.wikidata.org/entity/Q446635,Nicolai Gedda,26
http://www.wikidata.org/entity/Q16775487,David Sandberg,26
http://www.wikidata.org/entity/Q255967,Lena Nyman,26
http://www.wikidata.org/entity/Q455625,Evert Taube,25
http://www.wikidata.org/entity/Q435398,Eagle-Eye Cherry,25
http://www.wikidata.org/entity/Q449763,Stikkan Anderson,25
http://www.wikidata.org/entity/Q955209,Tomas Ledin,25
http://www.wikidata.org/entity/Q361286,Prins Gustaf av Sverige och Norge,25
http://www.wikidata.org/entity/Q1373742,Johan Renck,25
http://www.wikidata.org/entity/Q317481,Jesper Strömblad,25
http://www.wikidata.org/entity/Q262942,Lill Lindfors,24
http://www.wikidata.org/entity/Q262921,Anita Skorgan,24
http://www.wikidata.org/entity/Q464204,Sofia Jannok,24
http://www.wikidata.org/entity/Q714167,Björn Skifs,24
http://www.wikidata.org/entity/Q615625,Alexander Bard,24
http://www.wikidata.org/entity/Q366614,Peter Tägtgren,24
http://www.wikidata.org/entity/Q434931,Eduard Tubin,24
http://www.wikidata.org/entity/Q440388,Kurt Atterberg,24
http://www.wikidata.org/entity/Q4170757,Yohio,24
http://www.wikidata.org/entity/Q925877,Gösta Ekman,24
http://www.wikidata.org/entity/Q920220,Tommy Körberg,24
http://www.wikidata.org/entity/Q689823,Army of Lovers,23
http://www.wikidata.org/entity/Q64164,Lisa Ekdahl,23
http://www.wikidata.org/entity/Q236505,Lisa Miskovsky,23
http://www.wikidata.org/entity/Q260597,Veronica Maggio,23
http://www.wikidata.org/entity/Q373669,Michael Amott,23
http://www.wikidata.org/entity/Q433733,Esbjörn Svensson,23
http://www.wikidata.org/entity/Q451495,Elfrida Andrée,23
http://www.wikidata.org/entity/Q2359734,Jenny Berggren,23
http://www.wikidata.org/entity/Q708911,Bernhard Crusell,23
http://www.wikidata.org/entity/Q510973,Ingvar Wixell,23
http://www.wikidata.org/entity/Q521623,Ola Rapace,23
http://www.wikidata.org/entity/Q313202,Herbert Blomstedt,23
http://www.wikidata.org/entity/Q297842,Anna Sahlin,23
http://www.wikidata.org/entity/Q468499,Tuva Novotny,23
http://www.wikidata.org/entity/Q508614,Inger Berggren,23
http://www.wikidata.org/entity/Q1078507,Christer Björkman,23
http://www.wikidata.org/entity/Q18606122,Lisa Ajax,23
http://www.wikidata.org/entity/Q16159216,Alba August,23
http://www.wikidata.org/entity/Q541180,Linda Lampenius,23
http://www.wikidata.org/entity/Q182352,Jens Johansson,22
http://www.wikidata.org/entity/Q446588,Eva Dahlgren,22
http://www.wikidata.org/entity/Q502896,John Norum,22
http://www.wikidata.org/entity/Q55433897,Bladee,22
http://www.wikidata.org/entity/Q742191,Prins August av Sverige och Norge,22
http://www.wikidata.org/entity/Q5587019,Joakim Brodén,22
http://www.wikidata.org/entity/Q21683226,Dotter,22
http://www.wikidata.org/entity/Q61742923,Omar Rudberg,22
http://www.wikidata.org/entity/Q959829,Robert Z'Dar,22
http://www.wikidata.org/entity/Q2732409,Shirley Clamp,22
http://www.wikidata.org/entity/Q19612750,Lindemann,21
http://www.wikidata.org/entity/Q454567,Tove Styrke,21
http://www.wikidata.org/entity/Q264921,Allan Edwall,21
http://www.wikidata.org/entity/Q435688,Wilhelm Stenhammar,21
http://www.wikidata.org/entity/Q7587791,Noonie Bao,21
http://www.wikidata.org/entity/Q18237389,AronChupa,21
http://www.wikidata.org/entity/Q13372581,Kim Cesarion,21
http://www.wikidata.org/entity/Q3374548,Anna von Hausswolff,21
http://www.wikidata.org/entity/Q457339,Lina Sandell,21
http://www.wikidata.org/entity/Q172264,Slim Borgudd,21
http://www.wikidata.org/entity/Q16945221,Jon Henrik Fjällgren,21
http://www.wikidata.org/entity/Q350481,Oscar Dronjak,21
http://www.wikidata.org/entity/Q254023,Marie Serneholt,21
http://www.wikidata.org/entity/Q264668,Brita Borg,21
http://www.wikidata.org/entity/Q50323778,Lukas Meijer,21
http://www.wikidata.org/entity/Q84316706,Theodor Haraldsson,21
http://www.wikidata.org/entity/Q183359,Allan Pettersson,20
http://www.wikidata.org/entity/Q360855,Joacim Cans,20
http://www.wikidata.org/entity/Q380316,Björn Gelotte,20
http://www.wikidata.org/entity/Q358640,Mikael Stanne,20
http://www.wikidata.org/entity/Q242589,Meja,20
http://www.wikidata.org/entity/Q493733,Lasse Berghagen,20
http://www.wikidata.org/entity/Q964028,Håkan Hellström,20
http://www.wikidata.org/entity/Q1051813,Tommy Nilsson,20
http://www.wikidata.org/entity/Q1282901,Eddie Meduza,20
http://www.wikidata.org/entity/Q438786,Käbi Laretei,20
http://www.wikidata.org/entity/Q472602,Wilhelm Peterson-Berger,20
http://www.wikidata.org/entity/Q552529,Ted Gärdestad,20
http://www.wikidata.org/entity/Q728263,Birger Sjöberg,20
http://www.wikidata.org/entity/Q961575,Johan Agrell,20
http://www.wikidata.org/entity/Q1033656,Hans Alfredson,20
http://www.wikidata.org/entity/Q1369213,Roger Pontare,20
http://www.wikidata.org/entity/Q22704146,Wiktoria Johansson,20
http://www.wikidata.org/entity/Q1360483,Sven-Bertil Taube,20
http://www.wikidata.org/entity/Q2120765,Svante Thuresson,20
http://www.wikidata.org/entity/Q28843672,Felix Sandman,20
http://www.wikidata.org/entity/Q1143521,Cult of Luna,19
http://www.wikidata.org/entity/Q559975,Daniel Gildenlöw,19
http://www.wikidata.org/entity/Q462879,Alice Tegnér,19
http://www.wikidata.org/entity/Q946885,Magnus Uggla,19
http://www.wikidata.org/entity/Q361622,Adolf Fredrik Lindblad,19
http://www.wikidata.org/entity/Q364533,Adolf Wiklund,19
http://www.wikidata.org/entity/Q446668,Naima Wifstrand,19
http://www.wikidata.org/entity/Q2916576,Malin Berggren,19
http://www.wikidata.org/entity/Q61751638,Einár,19
http://www.wikidata.org/entity/Q968672,Lars-Erik Larsson,19
http://www.wikidata.org/entity/Q1208405,Karl-Birger Blomdahl,19
http://www.wikidata.org/entity/Q15731549,Ace Wilder,19
http://www.wikidata.org/entity/Q269242,Elisabeth Söderström,19
http://www.wikidata.org/entity/Q658779,Nina Stemme,19
http://www.wikidata.org/entity/Q4964372,Magna Lykseth-Skogman,19
http://www.wikidata.org/entity/Q1355965,Johan Olof Wallin,19
http://www.wikidata.org/entity/Q333297,Frans Michael Franzén,19
http://www.wikidata.org/entity/Q1648800,Daniel Erlandsson,19
http://www.wikidata.org/entity/Q533137,Jon Nödtveidt,19
http://www.wikidata.org/entity/Q240745,Ana Johnsson,19
http://www.wikidata.org/entity/Q271486,Sandra Oxenryd,19
http://www.wikidata.org/entity/Q289903,Marie Bergman,19
http://www.wikidata.org/entity/Q503962,Marcus Schenkenberg,19
http://www.wikidata.org/entity/Q541624,Ola Svensson,19
http://www.wikidata.org/entity/Q939036,Martin Stenmarck,19
http://www.wikidata.org/entity/Q3544489,Lars Göran Petrov,19
http://www.wikidata.org/entity/Q4976035,Elize Ryd,19
http://www.wikidata.org/entity/Q133861231,Felicia Eriksson,19
http://www.wikidata.org/entity/Q360781,Peter Iwers,19
http://www.wikidata.org/entity/Q741642,Mic Michaeli,19
http://www.wikidata.org/entity/Q363596,Tim Sköld,18
http://www.wikidata.org/entity/Q1801449,Sharlee D'Angelo,18
http://www.wikidata.org/entity/Q248592,Sarah Dawn Finer,18
http://www.wikidata.org/entity/Q459782,Bosson,18
http://www.wikidata.org/entity/Q289555,Östen Warnerbring,18
http://www.wikidata.org/entity/Q554657,The Tallest Man on Earth,18
http://www.wikidata.org/entity/Q389066,Jan Johansson,18
http://www.wikidata.org/entity/Q709944,Juhan Aavik,18
http://www.wikidata.org/entity/Q4934825,Sonja Aldén,18
http://www.wikidata.org/entity/Q1077383,Ola Salo,18
http://www.wikidata.org/entity/Q1779007,Daniel Svensson,18
http://www.wikidata.org/entity/Q468134,Helen Sjöholm,18
http://www.wikidata.org/entity/Q679610,Ian Haugland,18
http://www.wikidata.org/entity/Q2846128,Anders Johansson,18
http://www.wikidata.org/entity/Q715605,Kenny Bräck,18
http://www.wikidata.org/entity/Q2480392,Kee Marcello,18
http://www.wikidata.org/entity/Q450305,Leila K,18
http://www.wikidata.org/entity/Q462273,Inga Gentzel,18
http://www.wikidata.org/entity/Q442863,Viktoria Tolstoy,18
http://www.wikidata.org/entity/Q941210,Pernilla Wahlgren,18
http://www.wikidata.org/entity/Q271558,Linda Sundblad,17
http://www.wikidata.org/entity/Q271813,Elisabeth Olin,17
http://www.wikidata.org/entity/Q1354583,Ulrik Munther,17
http://www.wikidata.org/entity/Q1688111,Lasse Holm,17
http://www.wikidata.org/entity/Q498599,Andreas Johnson,17
http://www.wikidata.org/entity/Q507959,Fredrik Thordendal,17
http://www.wikidata.org/entity/Q1288067,John Martin,17
http://www.wikidata.org/entity/Q2711746,Tomas Lindberg,17
http://www.wikidata.org/entity/Q539427,Johann Jacob Bach,17
http://www.wikidata.org/entity/Q3040442,Thomas G:son,17
http://www.wikidata.org/entity/Q2741243,Melissa Horn,17
http://www.wikidata.org/entity/Q767237,Armas Järnefelt,17
http://www.wikidata.org/entity/Q786825,Tor Aulin,17
http://www.wikidata.org/entity/Q4952639,Mariette Hansson,17
http://www.wikidata.org/entity/Q1080849,Christian Lindberg,17
http://www.wikidata.org/entity/Q1117342,Ture Rangström,17
http://www.wikidata.org/entity/Q16761673,Seinabo Sey,17
http://www.wikidata.org/entity/Q2345037,Andy La Rocque,17
http://www.wikidata.org/entity/Q1351264,Eric Ericson,17
http://www.wikidata.org/entity/Q462191,Niklas Sundin,17
http://www.wikidata.org/entity/Q265956,Velvet,17
http://www.wikidata.org/entity/Q271412,Amanda Jenssen,17
http://www.wikidata.org/entity/Q453482,Sylvia Vrethammar,17
http://www.wikidata.org/entity/Q460935,Maj-Britt Nilsson,17
http://www.wikidata.org/entity/Q608571,Claes-Göran Hederström,17
http://www.wikidata.org/entity/Q950117,Magnus Carlsson,17
http://www.wikidata.org/entity/Q1067321,Nils Poppe,17
http://www.wikidata.org/entity/Q2486389,Johan Hegg,17
http://www.wikidata.org/entity/Q6058727,Adam Pålsson,17
http://www.wikidata.org/entity/Q453147,Håkan Hardenberger,17
http://www.wikidata.org/entity/Q266549,iamamiwhoami,16
http://www.wikidata.org/entity/Q268904,Titiyo,16
http://www.wikidata.org/entity/Q2355637,Jonas Renkse,16
http://www.wikidata.org/entity/Q44828,Timbuktu,16
http://www.wikidata.org/entity/Q127340,Miss Li,16
http://www.wikidata.org/entity/Q725351,John Levén,16
http://www.wikidata.org/entity/Q242029,Lamberto Gardelli,16
http://www.wikidata.org/entity/Q297835,Sophie Zelmani,16
http://www.wikidata.org/entity/Q712236,Roine Stolt,16
http://www.wikidata.org/entity/Q713270,Ulf Lundell,16
http://www.wikidata.org/entity/Q861420,Christofer Johnsson,16
http://www.wikidata.org/entity/Q451402,Valborg Aulin,16
http://www.wikidata.org/entity/Q1601889,Helena Josefsson,16
http://www.wikidata.org/entity/Q1922785,Nanne Grönvall,16
http://www.wikidata.org/entity/Q2427845,Björn Afzelius,16
http://www.wikidata.org/entity/Q1938118,Miriam Bryant,16
http://www.wikidata.org/entity/Q526545,Dan Swanö,16
http://www.wikidata.org/entity/Q2617377,Jonna Lee,16
http://www.wikidata.org/entity/Q2642427,Albert Engström,16
http://www.wikidata.org/entity/Q2656667,Ulf Ekberg,16
http://www.wikidata.org/entity/Q959391,Hilding Rosenberg,16
http://www.wikidata.org/entity/Q2089260,Adrian Erlandsson,16
http://www.wikidata.org/entity/Q1384083,Richard Dybeck,16
http://www.wikidata.org/entity/Q1384492,Lars Winnerbäck,16
http://www.wikidata.org/entity/Q1388588,Gunnar Wennerberg,16
http://www.wikidata.org/entity/Q1236566,Robert Wells,16
http://www.wikidata.org/entity/Q2014441,Peter Lindgren,16
http://www.wikidata.org/entity/Q720741,Georg Ericson,16
http://www.wikidata.org/entity/Q28531431,Faia Younan,16
http://www.wikidata.org/entity/Q4962829,Berit Lindholm,16
http://www.wikidata.org/entity/Q562541,Ola Brunkert,16
http://www.wikidata.org/entity/Q440805,Christopher Amott,16
http://www.wikidata.org/entity/Q966593,Fredrik Åkesson,16
http://www.wikidata.org/entity/Q248575,Gina Dirawi,16
http://www.wikidata.org/entity/Q455839,Camilla Henemark,16
http://www.wikidata.org/entity/Q441279,Pandora,16
http://www.wikidata.org/entity/Q1344704,Jonny Jakobsen,16
http://www.wikidata.org/entity/Q3437839,Bengt Djurberg,16
http://www.wikidata.org/entity/Q4951978,Clara Hagman,16
http://www.wikidata.org/entity/Q4941990,Sickan Carlsson,16
http://www.wikidata.org/entity/Q78938,Wilma Neruda,16
http://www.wikidata.org/entity/Q272282,Stina Nordenstam,15
http://www.wikidata.org/entity/Q273946,Alina Devecerski,15
http://www.wikidata.org/entity/Q704992,Ludvig Norman,15
http://www.wikidata.org/entity/Q202242,Emma Härdelin,15
http://www.wikidata.org/entity/Q261641,Adam Beyer,15
http://www.wikidata.org/entity/Q273661,Amanda Maier-Röntgen,15
http://www.wikidata.org/entity/Q981785,Jonas Berggren,15
http://www.wikidata.org/entity/Q818046,Benny Borg,15
http://www.wikidata.org/entity/Q1040407,Stig Olin,15
http://www.wikidata.org/entity/Q724956,Jens Lekman,15
http://www.wikidata.org/entity/Q22082517,Molly Nilsson,15
http://www.wikidata.org/entity/Q1505766,Georg Riedel,15
http://www.wikidata.org/entity/Q1378879,Povel Ramel,15
http://www.wikidata.org/entity/Q1390886,Joakim Berg,15
http://www.wikidata.org/entity/Q4942276,Cazzi Opeia,15
http://www.wikidata.org/entity/Q1348163,Erland von Koch,15
http://www.wikidata.org/entity/Q22278840,LÉON,15
http://www.wikidata.org/entity/Q2660424,Otto Olsson,15
http://www.wikidata.org/entity/Q400094,Otto Knows,15
http://www.wikidata.org/entity/Q1796695,Ellen Gulbranson,15
http://www.wikidata.org/entity/Q2708137,Sigrid Arnoldson,15
http://www.wikidata.org/entity/Q137445,Tomas Haake,15
http://www.wikidata.org/entity/Q2599500,Maja Ivarsson,15
http://www.wikidata.org/entity/Q273643,Jessica Folcker,15
http://www.wikidata.org/entity/Q449563,Efva Attling,15
http://www.wikidata.org/entity/Q452895,Kristina Hautala,15
http://www.wikidata.org/entity/Q431341,Anita Lindblom,15
http://www.wikidata.org/entity/Q728985,Jan Malmsjö,15
http://www.wikidata.org/entity/Q767041,Peter Jöback,15
http://www.wikidata.org/entity/Q915840,Sigge Fürst,15
http://www.wikidata.org/entity/Q1731248,Karl Gerhard,15
http://www.wikidata.org/entity/Q2074169,Tommy Karevik,15
http://www.wikidata.org/entity/Q2119597,Jan Johansen,15
http://www.wikidata.org/entity/Q4963919,Regina Lund,15
http://www.wikidata.org/entity/Q2023775,Tomas Riad,15
http://www.wikidata.org/entity/Q1458248,The Poodles,14
http://www.wikidata.org/entity/Q23007299,Wintergatan,14
http://www.wikidata.org/entity/Q372570,Denniz Pop,14
http://www.wikidata.org/entity/Q271602,Anna Ternheim,14
http://www.wikidata.org/entity/Q706560,Beppe Wolgers,14
http://www.wikidata.org/entity/Q525152,Salem Al Fakir,14
http://www.wikidata.org/entity/Q1082262,Andreas Kleerup,14
http://www.wikidata.org/entity/Q383821,"Janne ""Loffe"" Carlsson",14
http://www.wikidata.org/entity/Q464573,Johann Christian Friedrich Haeffner,14
http://www.wikidata.org/entity/Q2026020,Andreas Carlsson,14
http://www.wikidata.org/entity/Q2137203,Rebecca Zadig,14
http://www.wikidata.org/entity/Q2578127,Snowy Shaw,14
http://www.wikidata.org/entity/Q532510,Natanael Berg,14
http://www.wikidata.org/entity/Q16946297,Silvana Imam,14
http://www.wikidata.org/entity/Q710593,Otto Lindblad,14
http://www.wikidata.org/entity/Q729770,Lars Danielsson,14
http://www.wikidata.org/entity/Q4970416,Snoh Aalegra,14
http://www.wikidata.org/entity/Q84323645,Ecco2K,14
http://www.wikidata.org/entity/Q669711,Gustaf Aulén,14
http://www.wikidata.org/entity/Q1157173,Dag Wirén,14
http://www.wikidata.org/entity/Q1384731,Michael B. Tretow,14
http://www.wikidata.org/entity/Q15080541,Elliphant,14
http://www.wikidata.org/entity/Q1893049,Bo Nilsson,14
http://www.wikidata.org/entity/Q1985895,Niclas Engelin,14
http://www.wikidata.org/entity/Q26835667,Tommy Johansson,14
http://www.wikidata.org/entity/Q254518,Astrid Varnay,14
http://www.wikidata.org/entity/Q29641372,Tobias Forge,14
http://www.wikidata.org/entity/Q2857741,Edda Magnason,14
http://www.wikidata.org/entity/Q4573835,Sven Salén,14
http://www.wikidata.org/entity/Q692240,Arne Domnérus,14
http://www.wikidata.org/entity/Q3180104,Niklas Kvarforth,14
http://www.wikidata.org/entity/Q456231,Tess Merkel,14
http://www.wikidata.org/entity/Q384674,Nikola Sarcevic,14
http://www.wikidata.org/entity/Q499364,Andreas Lundstedt,14
http://www.wikidata.org/entity/Q3042906,Lisa Nilsson,14
http://www.wikidata.org/entity/Q3427943,Rikard Wolff,14
http://www.wikidata.org/entity/Q1991301,Grynet Molvig,14
http://www.wikidata.org/entity/Q4945608,Dagmar Ebbesen,14
http://www.wikidata.org/entity/Q2424196,Adolf Bergman,14
http://www.wikidata.org/entity/Q1785962,Persone,13
http://www.wikidata.org/entity/Q180503,Oskar Lindberg,13
http://www.wikidata.org/entity/Q213762,Henri Marteau,13
http://www.wikidata.org/entity/Q433528,Jenny Wilson,13
http://www.wikidata.org/entity/Q434162,Maia Hirasawa,13
http://www.wikidata.org/entity/Q263337,Bo Hansson,13
http://www.wikidata.org/entity/Q291194,Hjalmar Gullberg,13
http://www.wikidata.org/entity/Q963164,Karin Park,13
http://www.wikidata.org/entity/Q370899,Jan Lundgren,13
http://www.wikidata.org/entity/Q2418625,Fredrik Kempe,13
http://www.wikidata.org/entity/Q1167957,Harpo,13
http://www.wikidata.org/entity/Q527705,Emil Sjögren,13
http://www.wikidata.org/entity/Q2735138,Cameron Cartio,13
http://www.wikidata.org/entity/Q3088757,Sara Varga,13
http://www.wikidata.org/entity/Q650668,Nils Landgren,13
http://www.wikidata.org/entity/Q726556,Bengt Hallberg,13
http://www.wikidata.org/entity/Q788482,Bobo Stenson,13
http://www.wikidata.org/entity/Q6196673,Pär Sundström,13
http://www.wikidata.org/entity/Q952137,Mattias Eklundh,13
http://www.wikidata.org/entity/Q1347620,Francesco Antonio Uttini,13
http://www.wikidata.org/entity/Q1368439,Gösta Nystroem,13
http://www.wikidata.org/entity/Q1383979,Rune Gustafsson,13
http://www.wikidata.org/entity/Q1291425,Edvin Kallstenius,13
http://www.wikidata.org/entity/Q1603685,Rutger Gunnarsson,13
http://www.wikidata.org/entity/Q60194917,Winona Oak,13
http://www.wikidata.org/entity/Q1893659,Ulf Linde,13
http://www.wikidata.org/entity/Q2368282,Jean-Pierre Barda,13
http://www.wikidata.org/entity/Q27031728,Mike Perry,13
http://www.wikidata.org/entity/Q441130,Kattis Ahlström,13
http://www.wikidata.org/entity/Q4989335,Laura Netzel,13
http://www.wikidata.org/entity/Q1822069,Lewi Pethrus,13
http://www.wikidata.org/entity/Q26029,Mika Karppinen,13
http://www.wikidata.org/entity/Q138143,Mårten Hagström,13
http://www.wikidata.org/entity/Q11993311,Ola Englund,13
http://www.wikidata.org/entity/Q1384168,Mats Gustafsson,13
http://www.wikidata.org/entity/Q288234,Linda Bengtzing,13
http://www.wikidata.org/entity/Q449255,Linda Ulvaeus,13
http://www.wikidata.org/entity/Q451707,Monica Törnell,13
http://www.wikidata.org/entity/Q462696,Dafina Zeqiri,13
http://www.wikidata.org/entity/Q442498,Sara Lumholdt,13
http://www.wikidata.org/entity/Q856272,Bibi Johns,13
http://www.wikidata.org/entity/Q1355514,Dhani Lennevald,13
http://www.wikidata.org/entity/Q1628988,Kevin Walker,13
http://www.wikidata.org/entity/Q1752598,Kevin Borg,13
http://www.wikidata.org/entity/Q2499743,Victoria Bergsman,13
http://www.wikidata.org/entity/Q3358372,Magnus Krepper,13
http://www.wikidata.org/entity/Q4353974,Lina Hedlund,13
http://www.wikidata.org/entity/Q4958419,Kayo,13
http://www.wikidata.org/entity/Q4988589,Lena Granhagen,13
http://www.wikidata.org/entity/Q28444697,Little Sis Nora,13
http://www.wikidata.org/entity/Q269852,Sharon Bezaly,13
http://www.wikidata.org/entity/Q663892,Leif Edling,12
http://www.wikidata.org/entity/Q70158,Joachim Nicolas Eggert,12
http://www.wikidata.org/entity/Q75329,Anna Järvinen,12
http://www.wikidata.org/entity/Q384159,Rami Yacoub,12
http://www.wikidata.org/entity/Q440081,Fredrika Stahl,12
http://www.wikidata.org/entity/Q210123,Caroline af Ugglas,12
http://www.wikidata.org/entity/Q352831,Bert Karlsson,12
http://www.wikidata.org/entity/Q1736370,Nicke Andersson,12
http://www.wikidata.org/entity/Q456028,Henriette Nissen-Saloman,12
http://www.wikidata.org/entity/Q2166721,Pelle Almqvist,12
http://www.wikidata.org/entity/Q497831,Andreas Hallén,12
http://www.wikidata.org/entity/Q879748,Björn Strid,12
http://www.wikidata.org/entity/Q2712027,Marcel Jacob,12
http://www.wikidata.org/entity/Q543891,Vincenzo Albrici,12
http://www.wikidata.org/entity/Q2658292,Solar Fields,12
http://www.wikidata.org/entity/Q723445,Janne Schaffer,12
http://www.wikidata.org/entity/Q764212,August Söderman,12
http://www.wikidata.org/entity/Q4935915,Pernilla Andersson,12
http://www.wikidata.org/entity/Q6199100,Peter Svensson,12
http://www.wikidata.org/entity/Q1362037,Ola Håkansson,12
http://www.wikidata.org/entity/Q1554806,Gunnar de Frumerie,12
http://www.wikidata.org/entity/Q1675681,Ivar Hallström,12
http://www.wikidata.org/entity/Q23882773,Salvatore Ganacci,12
http://www.wikidata.org/entity/Q26258299,Sandro Cavazza,12
http://www.wikidata.org/entity/Q2457132,Fredrik Nordström,12
http://www.wikidata.org/entity/Q719957,Christer Sjögren,12
http://www.wikidata.org/entity/Q3352340,Anders Fredrik Skjöldebrand,12
http://www.wikidata.org/entity/Q4968368,Helena Munktell,12
http://www.wikidata.org/entity/Q78364,Sigrid Onégin,12
http://www.wikidata.org/entity/Q521330,Malin Hartelius,12
http://www.wikidata.org/entity/Q3068590,Kerstin Meyer,12
http://www.wikidata.org/entity/Q4968733,Dagmar Möller,12
http://www.wikidata.org/entity/Q4973757,Isa Quensel,12
http://www.wikidata.org/entity/Q4953051,Signe Hebbe,12
http://www.wikidata.org/entity/Q636426,Carl Olof Rosenius,12
http://www.wikidata.org/entity/Q704851,Wolfgang Meusslin,12
http://www.wikidata.org/entity/Q4966895,Emma Meissner,12
http://www.wikidata.org/entity/Q961572,Martin Fröst,12
http://www.wikidata.org/entity/Q953416,Mathias Färm,12
http://www.wikidata.org/entity/Q2607278,Tony Reno,12
http://www.wikidata.org/entity/Q2706536,Martin Axenrot,12
http://www.wikidata.org/entity/Q547835,Glenn Ljungström,12
http://www.wikidata.org/entity/Q3353749,Mike Wead,12
http://www.wikidata.org/entity/Q6167207,Jay Smith,12
http://www.wikidata.org/entity/Q2651539,Lisa Werlinder,12
http://www.wikidata.org/entity/Q454052,Shanta Liora,12
http://www.wikidata.org/entity/Q653050,Martin Rolinski,12
http://www.wikidata.org/entity/Q962847,Joakim Nätterqvist,12
http://www.wikidata.org/entity/Q76900,David Lindgren,12
http://www.wikidata.org/entity/Q2023538,Ann-Louise Hanson,12
http://www.wikidata.org/entity/Q2314820,Johan Liiva,12
http://www.wikidata.org/entity/Q2587680,Dominika Peczynski,12
http://www.wikidata.org/entity/Q3370912,Towa Carson,12
http://www.wikidata.org/entity/Q3388873,Amanda Fondell,12
http://www.wikidata.org/entity/Q3505341,Erik Segerstedt,12
http://www.wikidata.org/entity/Q4976586,Ulla Sallert,12
http://www.wikidata.org/entity/Q4935819,Jessica Andersson,12
http://www.wikidata.org/entity/Q4994507,Edvard Persson,12
http://www.wikidata.org/entity/Q4946223,Märta Ekström,12
